[
    {
        "type": "rds",
        "cluster": "qa-04",
        "action": "start",
        "rds_assume_role": "staging",
        "region": "us-east-1"
    },
    {
        "service": "qa-04-moderation-check-result",
        "cluster": "website",
        "type": "ecs",
        "ecs_assume_role": "staging",
        "region": "us-east-1",
        "desired_count": 1
    },
    {
        "service": "qa-04-website-admin",
        "cluster": "website",
        "type": "ecs",
        "ecs_assume_role": "staging",
        "region": "us-east-1",
        "desired_count": 1
    },
    {
        "service": "qa-04-website",
        "cluster": "website",
        "type": "ecs",
        "ecs_assume_role": "staging",
        "region": "us-east-1",
        "desired_count": 1
    },
    {
        "service": "qa-04-shoryuken",
        "cluster": "website",
        "type": "ecs",
        "ecs_assume_role": "staging",
        "region": "us-east-1",
        "desired_count": 1
    },
    {
        "service": "qa-04-shoryuken-marketplace",
        "cluster": "website",
        "type": "ecs",
        "ecs_assume_role": "staging",
        "region": "us-east-1",
        "desired_count": 1
    },
    {
        "service": "qa-04-user-session",
        "cluster": "website",
        "type": "ecs",
        "ecs_assume_role": "staging",
        "region": "us-east-1",
        "desired_count": 1
    },
    {
        "service": "qa-04-workers",
        "cluster": "website",
        "type": "ecs",
        "ecs_assume_role": "staging",
        "region": "us-east-1",
        "desired_count": 1
    },
    {
        "service": "qa-04-static-home-builder",
        "cluster": "website",
        "type": "ecs",
        "ecs_assume_role": "staging",
        "region": "us-east-1",
        "desired_count": 1
    },
    {
        "service": "qa-04-checkout",
        "cluster": "website",
        "type": "ecs",
        "ecs_assume_role": "staging",
        "region": "us-east-1",
        "desired_count": 1
    },
    {
        "service": "qa-04-commands",
        "cluster": "website",
        "type": "ecs",
        "ecs_assume_role": "staging",
        "region": "us-east-1",
        "desired_count": 1
    },
    {
        "service": "qa-04-shipments-consumer",
        "cluster": "enjulogistic",
        "type": "ecs",
        "ecs_assume_role": "staging",
        "region": "us-east-1",
        "desired_count": 1
    },
    {
        "service": "qa-04-enjulogistic-webserver",
        "cluster": "enjulogistic",
        "type": "ecs",
        "ecs_assume_role": "staging",
        "region": "us-east-1",
        "desired_count": 1
    },
    {
        "service": "qa-04-shipment-label-jadlog",
        "cluster": "enjulogistic",
        "type": "ecs",
        "ecs_assume_role": "staging",
        "region": "us-east-1",
        "desired_count": 1
    },
    {
        "service": "qa-04-shipment-label-correios",
        "cluster": "enjulogistic",
        "type": "ecs",
        "ecs_assume_role": "staging",
        "region": "us-east-1",
        "desired_count": 1
    },
    {
        "service": "enjusearch-qa-04",
        "cluster": "enjusearch",
        "type": "ecs",
        "ecs_assume_role": "staging",
        "region": "us-east-1",
        "desired_count": 1
    },
    {
        "service": "moderation-qa-04",
        "cluster": "moderation",
        "type": "ecs",
        "ecs_assume_role": "staging",
        "region": "us-east-1",
        "desired_count": 1
    },
    {
        "service": "qa-04-compress-outpost-available-products",
        "cluster": "postgres-functions",
        "type": "ecs",
        "ecs_assume_role": "staging",
        "region": "us-east-1",
        "desired_count": 1
    },
    {
        "service": "qa-04-compress-outpost-sold-products",
        "cluster": "postgres-functions",
        "type": "ecs",
        "ecs_assume_role": "staging",
        "region": "us-east-1",
        "desired_count": 1
    },
    {
        "service": "qa-04-compress-product-likes",
        "cluster": "postgres-functions",
        "type": "ecs",
        "ecs_assume_role": "staging",
        "region": "us-east-1",
        "desired_count": 1
    },
    {
        "service": "qa-04-compress-user-available-products",
        "cluster": "postgres-functions",
        "type": "ecs",
        "ecs_assume_role": "staging",
        "region": "us-east-1",
        "desired_count": 1
    },
    {
        "service": "qa-04-compress-user-followers",
        "cluster": "postgres-functions",
        "type": "ecs",
        "ecs_assume_role": "staging",
        "region": "us-east-1",
        "desired_count": 1
    },
    {
        "service": "qa-04-compress-user-following",
        "cluster": "postgres-functions",
        "type": "ecs",
        "ecs_assume_role": "staging",
        "region": "us-east-1",
        "desired_count": 1
    },
    {
        "service": "qa-04-compress-user-likes",
        "cluster": "postgres-functions",
        "type": "ecs",
        "ecs_assume_role": "staging",
        "region": "us-east-1",
        "desired_count": 1
    },
    {
        "service": "qa-04-compress-user-products",
        "cluster": "postgres-functions",
        "type": "ecs",
        "ecs_assume_role": "staging",
        "region": "us-east-1",
        "desired_count": 1
    },
    {
        "service": "qa-04-compress-user-sold-products",
        "cluster": "postgres-functions",
        "type": "ecs",
        "ecs_assume_role": "staging",
        "region": "us-east-1",
        "desired_count": 1
    },
    {
        "service": "qa-04-refresh-integrated-invoices-summary",
        "cluster": "postgres-functions",
        "type": "ecs",
        "ecs_assume_role": "staging",
        "region": "us-east-1",
        "desired_count": 1
    },
    {
        "service": "qa-04-refresh-rejected-invoices-summary",
        "cluster": "postgres-functions",
        "type": "ecs",
        "ecs_assume_role": "staging",
        "region": "us-east-1",
        "desired_count": 1
    },
    {
        "queue_url": "https://sqs.us-east-1.amazonaws.com/033687817760/components_qa_04",
        "sqs_assume_role": "staging",
        "region": "us-east-1",
        "type": "sqs"
    },
    {
        "type": "lambda",
        "uuid": "4ff4536d-4c4b-4654-87e3-97195686cfe9",
        "function_name": "qa_04_components_builder",
        "lambda_assume_role": "staging",
        "region": "us-east-1",
        "enabled": true
    },
    {
        "type": "event",
        "rule_name": "qa_04_auth_token_refresher",
        "event_assume_role": "staging",
        "region": "us-east-1",
        "enabled": true
    },
    {
        "type": "event",
        "rule_name": "qa_04_enjurevenues_dispatcher",
        "event_assume_role": "staging",
        "region": "us-east-1",
        "enabled": true
    },
    {
        "type": "event",
        "rule_name": "qa_04_notify_batches_not_sent_yet",
        "event_assume_role": "staging",
        "region": "us-east-1",
        "enabled": true
    },
    {
        "type": "event",
        "rule_name": "qa_04_process_recoverable_payables",
        "event_assume_role": "staging",
        "region": "us-east-1",
        "enabled": true
    },
    {
        "type": "event",
        "rule_name": "qa_04_process_stucked_bundle",
        "event_assume_role": "staging",
        "region": "us-east-1",
        "enabled": true
    },
    {
        "type": "event",
        "rule_name": "qa_04_recreate_label",
        "event_assume_role": "staging",
        "region": "us-east-1",
        "enabled": true
    },
    {
        "type": "event",
        "rule_name": "qa_04_send_inbox_new_sellers",
        "event_assume_role": "staging",
        "region": "us-east-1",
        "enabled": true
    },
    {
        "type": "event",
        "rule_name": "qa_04_send_seller_engagement",
        "event_assume_role": "staging",
        "region": "us-east-1",
        "enabled": true
    },
    {
        "type": "event",
        "rule_name": "qa_04_suspended_return_deliveries",
        "event_assume_role": "staging",
        "region": "us-east-1",
        "enabled": true
    },
    {
        "type": "event",
        "rule_name": "qa_04_users_pagarme_migration",
        "event_assume_role": "staging",
        "region": "us-east-1",
        "enabled": true
    },
    {
        "service": "qa-04-deliver-chat-push-notifications",
        "cluster": "website",
        "type": "ecs",
        "ecs_assume_role": "staging",
        "region": "us-east-1",
        "desired_count": 1
    },
    {
        "service": "qa-04-deliver-chat-emails",
        "cluster": "website",
        "type": "ecs",
        "ecs_assume_role": "staging",
        "region": "us-east-1",
        "desired_count": 1
    },
    {
        "service": "qa-04-pix-server",
        "cluster": "pix",
        "type": "ecs",
        "ecs_assume_role": "staging",
        "region": "us-east-1",
        "desired_count": 1
    },
    {
        "service": "qa-04-pix-worker",
        "cluster": "pix",
        "type": "ecs",
        "ecs_assume_role": "staging",
        "region": "us-east-1",
        "desired_count": 1
    },
    {
        "service": "enjuocr-qa-04",
        "cluster": "enjuocr",
        "type": "ecs",
        "ecs_assume_role": "staging",
        "region": "us-east-1",
        "desired_count": 1
    },
    {
        "service": "qa-04-kong",
        "cluster": "kong",
        "type": "ecs",
        "ecs_assume_role": "staging",
        "region": "us-east-1",
        "desired_count": 1
    }
]
