[
    {
        "type": "rds",
        "cluster": "qa-02",
        "action": "stop",
        "rds_assume_role": "staging",
        "region": "us-east-1"
    },
    {
        "service": "qa-02-moderation-check-result",
        "cluster": "website",
        "type": "ecs",
        "ecs_assume_role": "staging",
        "region": "us-east-1",
        "desired_count": 0
    },
    {
        "service": "qa-02-website-admin",
        "cluster": "website",
        "type": "ecs",
        "ecs_assume_role": "staging",
        "region": "us-east-1",
        "desired_count": 0
    },
    {
        "service": "qa-02-website",
        "cluster": "website",
        "type": "ecs",
        "ecs_assume_role": "staging",
        "region": "us-east-1",
        "desired_count": 0
    },
    {
        "service": "qa-02-shoryuken",
        "cluster": "website",
        "type": "ecs",
        "ecs_assume_role": "staging",
        "region": "us-east-1",
        "desired_count": 0
    },
    {
        "service": "qa-02-shoryuken-marketplace",
        "cluster": "website",
        "type": "ecs",
        "ecs_assume_role": "staging",
        "region": "us-east-1",
        "desired_count": 0
    },
    {
        "service": "qa-02-user-session",
        "cluster": "website",
        "type": "ecs",
        "ecs_assume_role": "staging",
        "region": "us-east-1",
        "desired_count": 0
    },
    {
        "service": "qa-02-workers",
        "cluster": "website",
        "type": "ecs",
        "ecs_assume_role": "staging",
        "region": "us-east-1",
        "desired_count": 0
    },
    {
        "service": "qa-02-static-home-builder",
        "cluster": "website",
        "type": "ecs",
        "ecs_assume_role": "staging",
        "region": "us-east-1",
        "desired_count": 0
    },
    {
        "service": "qa-02-checkout",
        "cluster": "website",
        "type": "ecs",
        "ecs_assume_role": "staging",
        "region": "us-east-1",
        "desired_count": 0
    },
    {
        "service": "qa-02-commands",
        "cluster": "website",
        "type": "ecs",
        "ecs_assume_role": "staging",
        "region": "us-east-1",
        "desired_count": 0
    },
    {
        "service": "qa-02-shipments-consumer",
        "cluster": "enjulogistic",
        "type": "ecs",
        "ecs_assume_role": "staging",
        "region": "us-east-1",
        "desired_count": 0
    },
    {
        "service": "qa-02-enjulogistic-webserver",
        "cluster": "enjulogistic",
        "type": "ecs",
        "ecs_assume_role": "staging",
        "region": "us-east-1",
        "desired_count": 0
    },
    {
        "service": "qa-02-shipment-label-jadlog",
        "cluster": "enjulogistic",
        "type": "ecs",
        "ecs_assume_role": "staging",
        "region": "us-east-1",
        "desired_count": 0
    },
    {
        "service": "qa-02-shipment-label-correios",
        "cluster": "enjulogistic",
        "type": "ecs",
        "ecs_assume_role": "staging",
        "region": "us-east-1",
        "desired_count": 0
    },
    {
        "service": "enjusearch-qa-02",
        "cluster": "enjusearch",
        "type": "ecs",
        "ecs_assume_role": "staging",
        "region": "us-east-1",
        "desired_count": 0
    },
    {
        "service": "moderation-qa-02",
        "cluster": "moderation",
        "type": "ecs",
        "ecs_assume_role": "staging",
        "region": "us-east-1",
        "desired_count": 0
    },
    {
        "service": "qa-02-compress-outpost-available-products",
        "cluster": "postgres-functions",
        "type": "ecs",
        "ecs_assume_role": "staging",
        "region": "us-east-1",
        "desired_count": 0
    },
    {
        "service": "qa-02-compress-outpost-sold-products",
        "cluster": "postgres-functions",
        "type": "ecs",
        "ecs_assume_role": "staging",
        "region": "us-east-1",
        "desired_count": 0
    },
    {
        "service": "qa-02-compress-product-likes",
        "cluster": "postgres-functions",
        "type": "ecs",
        "ecs_assume_role": "staging",
        "region": "us-east-1",
        "desired_count": 0
    },
    {
        "service": "qa-02-compress-user-available-products",
        "cluster": "postgres-functions",
        "type": "ecs",
        "ecs_assume_role": "staging",
        "region": "us-east-1",
        "desired_count": 0
    },
    {
        "service": "qa-02-compress-user-followers",
        "cluster": "postgres-functions",
        "type": "ecs",
        "ecs_assume_role": "staging",
        "region": "us-east-1",
        "desired_count": 0
    },
    {
        "service": "qa-02-compress-user-following",
        "cluster": "postgres-functions",
        "type": "ecs",
        "ecs_assume_role": "staging",
        "region": "us-east-1",
        "desired_count": 0
    },
    {
        "service": "qa-02-compress-user-likes",
        "cluster": "postgres-functions",
        "type": "ecs",
        "ecs_assume_role": "staging",
        "region": "us-east-1",
        "desired_count": 0
    },
    {
        "service": "qa-02-compress-user-products",
        "cluster": "postgres-functions",
        "type": "ecs",
        "ecs_assume_role": "staging",
        "region": "us-east-1",
        "desired_count": 0
    },
    {
        "service": "qa-02-compress-user-sold-products",
        "cluster": "postgres-functions",
        "type": "ecs",
        "ecs_assume_role": "staging",
        "region": "us-east-1",
        "desired_count": 0
    },
    {
        "service": "qa-02-refresh-integrated-invoices-summary",
        "cluster": "postgres-functions",
        "type": "ecs",
        "ecs_assume_role": "staging",
        "region": "us-east-1",
        "desired_count": 0
    },
    {
        "service": "qa-02-refresh-rejected-invoices-summary",
        "cluster": "postgres-functions",
        "type": "ecs",
        "ecs_assume_role": "staging",
        "region": "us-east-1",
        "desired_count": 0
    },
    {
        "type": "lambda",
        "uuid": "6f7839fb-252f-45b9-a3bd-aecc6969d3ed",
        "function_name": "qa_02_components_builder",
        "lambda_assume_role": "staging",
        "region": "us-east-1",
        "enabled": false
    },
    {
        "type": "event",
        "rule_name": "qa_02_auth_token_refresher",
        "event_assume_role": "staging",
        "region": "us-east-1",
        "enabled": false
    },
    {
        "type": "event",
        "rule_name": "qa_02_enjurevenues_dispatcher",
        "event_assume_role": "staging",
        "region": "us-east-1",
        "enabled": false
    },
    {
        "type": "event",
        "rule_name": "qa_02_notify_batches_not_sent_yet",
        "event_assume_role": "staging",
        "region": "us-east-1",
        "enabled": false
    },
    {
        "type": "event",
        "rule_name": "qa_02_process_recoverable_payables",
        "event_assume_role": "staging",
        "region": "us-east-1",
        "enabled": false
    },
    {
        "type": "event",
        "rule_name": "qa_02_process_stucked_bundle",
        "event_assume_role": "staging",
        "region": "us-east-1",
        "enabled": false
    },
    {
        "type": "event",
        "rule_name": "qa_02_recreate_label",
        "event_assume_role": "staging",
        "region": "us-east-1",
        "enabled": false
    },
    {
        "type": "event",
        "rule_name": "qa_02_send_inbox_new_sellers",
        "event_assume_role": "staging",
        "region": "us-east-1",
        "enabled": false
    },
    {
        "type": "event",
        "rule_name": "qa_02_send_seller_engagement",
        "event_assume_role": "staging",
        "region": "us-east-1",
        "enabled": false
    },
    {
        "type": "event",
        "rule_name": "qa_02_suspended_return_deliveries",
        "event_assume_role": "staging",
        "region": "us-east-1",
        "enabled": false
    },
    {
        "type": "event",
        "rule_name": "qa_02_users_pagarme_migration",
        "event_assume_role": "staging",
        "region": "us-east-1",
        "enabled": false
    },
    {
        "service": "qa-02-deliver-chat-push-notifications",
        "cluster": "website",
        "type": "ecs",
        "ecs_assume_role": "staging",
        "region": "us-east-1",
        "desired_count": 0
    },
    {
        "service": "qa-02-deliver-chat-emails",
        "cluster": "website",
        "type": "ecs",
        "ecs_assume_role": "staging",
        "region": "us-east-1",
        "desired_count": 0
    },
    {
        "service": "qa-02-pix-server",
        "cluster": "pix",
        "type": "ecs",
        "ecs_assume_role": "staging",
        "region": "us-east-1",
        "desired_count": 0
    },
    {
        "service": "qa-02-pix-worker",
        "cluster": "pix",
        "type": "ecs",
        "ecs_assume_role": "staging",
        "region": "us-east-1",
        "desired_count": 0
    },
    {
        "service": "enjuocr-qa-02",
        "cluster": "enjuocr",
        "type": "ecs",
        "ecs_assume_role": "staging",
        "region": "us-east-1",
        "desired_count": 0
    },
    {
        "service": "qa-02-kong",
        "cluster": "kong",
        "type": "ecs",
        "ecs_assume_role": "staging",
        "region": "us-east-1",
        "desired_count": 0
    }
]
